{
	"p": {
		"1": {
			"exp": 0,
			"lvl": 1,
			"worlds": 0,
			"caseopen": 0,
			"balance": 0,
			"rank": 100,
			"photo_50": "https://sun9-18.userapi.com/c858024/v858024479/11182d/yBq9jVwjJzI.jpg?ava=1",
			"inventory": {
				"wood": 9
			},
			"world": {
				"x": 952,
				"y": 667
			},
			"id": 379244078,
			"cent": 1,
			"nick": "Николаев"
		},
		"2": {
			"exp": 0,
			"lvl": 1,
			"worlds": 0,
			"caseopen": 0,
			"balance": 0,
			"rank": 0,
			"photo_50": "https://vk.com/images/camera_50.png?ava=1",
			"inventory": {
				"wood": 0
			},
			"world": {
				"x": 1352,
				"y": 687
			},
			"id": 73845201,
			"cent": 0,
			"nick": "Рубцов"
		}
	},
	"i": {
		"73845201": {
			"id": 2
		},
		"379244078": {
			"id": 1
		}
	},
	"c": {
		"id": 2,
		"trees": 10,
		"treesid": 12
	}
}